{
  "model": "first_order_markov_chain",
  "states": [
    "A",
    "C",
    "G",
    "T"
  ],
  "sequence": "AAGCCCAATAAACCACTCTGACTGGCCGAATAGGGATATAGGCAACGACA",
  "length": 50,
  "transition_matrix": {
    "A": {
      "A": 0.3181818181818182,
      "C": 0.2727272727272727,
      "G": 0.18181818181818182,
      "T": 0.22727272727272727
    },
    "C": {
      "A": 0.29411764705882354,
      "C": 0.29411764705882354,
      "G": 0.17647058823529413,
      "T": 0.23529411764705882
    },
    "G": {
      "A": 0.3333333333333333,
      "C": 0.26666666666666666,
      "G": 0.3333333333333333,
      "T": 0.06666666666666667
    },
    "T": {
      "A": 0.45454545454545453,
      "C": 0.18181818181818182,
      "G": 0.2727272727272727,
      "T": 0.09090909090909091
    }
  },
  "transition_counts": {
    "A": {
      "A": 6,
      "C": 5,
      "G": 3,
      "T": 4
    },
    "C": {
      "A": 4,
      "C": 4,
      "G": 2,
      "T": 3
    },
    "G": {
      "A": 4,
      "C": 3,
      "G": 4,
      "T": 0
    },
    "T": {
      "A": 4,
      "C": 1,
      "G": 2,
      "T": 0
    }
  }
}